[
  {
    "id": 1,
    "name": "room",
    "users": [
      {
        "user": 4,
        "group": 1
      },
      {
        "user": 3,
        "group": 1
      },
      {
        "user": 2,
        "group": 1
      },
      {
        "user": 5,
        "group": 1
      },
      {
        "user": 6,
        "group": 1
      }
    ],
    "owner": 1,
    "joinRequests": [],
    "joinCode": 13793055
  },
  {
    "id": 2,
    "name": "room2",
    "users": [
      {
        "user": 3,
        "group": 3
      }
    ],
    "owner": 1,
    "joinRequests": [],
    "joinCode": 40102917
  }
]